name,image,description,location,address,url,tags
Forest Park,https://stl.parium.org/_next/image?url=https%3A%2F%2Fjh3ara5st4lltzzi.public.blob.vercel-storage.com%2Fstlparium_assets%2F5ca668f1b7eb06d0038668983c52198b172f1be87a9b206649c71436970f11cc_forest-park-EYE8gk35k7VtCFFcLfxRNR1aJlU9tS.jpg&w=3840&q=75,"Forest Park, which is owned and operated by the City of St. Louis, is considered one of the nation’s greatest urban public parks. The Park’s 1,300 acres feature beautiful landscapes sprinkled with forests, ecosystems, nature reserves, lakes and streams, as well as five of the region’s major cultural institutions and endless opportunities for recreation. attracting 15.5 million visitors each year.",,,https://www.forestparkforever.org/visit,parks & nature
Saint Louis Art Museum,https://stl.parium.org/_next/image?url=https%3A%2F%2Fjh3ara5st4lltzzi.public.blob.vercel-storage.com%2Fstlparium_assets%2F934220dc6071dda514ebbca2ccb15be08a3c591c82268806bc17666cdcda9b9a_art-museum-54jICZGxUDwOwdSJWPIlKTQkVg3gmo.jpg&w=3840&q=75,"The Saint Louis Art Museum, located in the heart of Forest Park, is one of the premier art institutions in the country. Housed in a stunning Beaux-Arts building originally designed for the 1904 World's Fair, the museum offers an impressive collection of art spanning 5,000 years and cultures from around the globe. From ancient artifacts to contemporary masterpieces, visitors can explore galleries filled with renowned works of art. Best of all, admission to the museum’s permanent collection is free, making world-class art accessible to everyone, year-round. Special exhibitions may require a fee, but the museum’s core offerings are open to the public without charge.",Forest Park,,https://www.slam.org/,museums
The City Museum,https://stl.parium.org/_next/image?url=https%3A%2F%2Fjh3ara5st4lltzzi.public.blob.vercel-storage.com%2Fstlparium_assets%2Fad7e69d79ab094d7cfbb6e0b60e04ac11d561ac1f28b7e4bee7cd47d84ca07d8_city-museum-zkAAM9D7laqbVQo0V5ZQPooKxfrNqb.jpg&w=3840&q=75,"The City Museum in downtown St. Louis is a one-of-a-kind attraction that defies traditional museum expectations. Housed in a repurposed 10-story shoe factory, it blends art, architecture, and pure imagination to create an immersive, hands-on experience for visitors of all ages. The museum is a massive playground, featuring giant slides, tunnels, secret passageways, and a rooftop Ferris wheel, all crafted from reclaimed materials. From exploring intricate caves to climbing through suspended airplanes and buses, the City Museum is an adventure around every corner. It’s not just a museum – it’s a place where creativity, exploration, and fun take center stage.",,,https://citymuseum.org/,museums
Saint Louis Zoo,https://stl.parium.org/_next/image?url=https%3A%2F%2Fjh3ara5st4lltzzi.public.blob.vercel-storage.com%2Fstlparium_assets%2F2490c405d07aeb6bfc8fdf83e69b3c1f4132767d209bead2f8cc489b3b92f719_zoo-penguins-9DmPnePNgyj2cy9rGQON3f2uEjZ12z.jpg&w=3840&q=75,"The Saint Louis Zoo is a world-class destination that offers free admission, making it one of the most beloved attractions in the city. Located in Forest Park, the zoo is home to over 14,000 animals representing nearly 500 species from around the globe. Known for its dedication to animal conservation and care, the zoo provides visitors with the chance to explore beautifully designed habitats, from the African Savanna to the Penguin & Puffin Coast. The zoo also features interactive exhibits, educational programs, and seasonal events, making it a must-visit for families and animal lovers alike. Whether you're watching majestic big cats or playful sea lions, the Saint Louis Zoo promises an unforgettable experience.",Forest Park,,https://stlzoo.org/,parks & nature
Mural Mile,https://stl.parium.org/_next/image?url=https%3A%2F%2Fjh3ara5st4lltzzi.public.blob.vercel-storage.com%2Fstlparium_assets%2F581e5d9f58eeb0a71996aabaf55dc189a69f633859dbf2ec50df4dc636664b11_mural-mile-g9p25FbqFgECmYuHev0FnzcBUb3Dhd.jpg&w=3840&q=75,"Mural Mile in St. Louis is an extraordinary display of urban art, stretching along the floodwall near the Mississippi River for over a mile. This outdoor gallery showcases vibrant, large-scale murals created by local and international graffiti artists. Each piece is a stunning example of street art, ranging from intricate portraits to abstract designs and bold lettering. The constantly evolving nature of Mural Mile ensures there’s always something new to see, as artists frequently refresh the wall with their creative expressions. The murals not only reflect the artistic talent in St. Louis but also serve as a canvas for community voices and cultural stories. It’s a must-see for art lovers and anyone looking to experience the city’s creative pulse in an open-air setting.",Riverfront,,https://racstl.org/public-art/the-mural-mile-floodwall/,buildings & monuments
Missouri Botanical Garden,https://stl.parium.org/_next/image?url=https%3A%2F%2Fjh3ara5st4lltzzi.public.blob.vercel-storage.com%2Fstlparium_assets%2F6fcb27cf1141f8b1a80e534a2b628c9083ff21042827e3d91539dd859357b04d_botanical-garden-f5BgdP1iwGRI5LIyk11Cbey9effv5e.webp&w=3840&q=75,"The Missouri Botanical Garden in St. Louis is a world-renowned oasis of beauty and nature, offering visitors a tranquil escape just minutes from the city center. Founded in 1859, it is one of the oldest botanical gardens in the United States and is widely recognized for its stunning landscapes, conservation efforts, and horticultural research. Spanning 79 acres, the garden features a breathtaking array of themed gardens, including the serene Japanese Garden, the vibrant Climatron greenhouse, and seasonal flower displays that delight year-round. Whether you're strolling through historic Victorian gardens or exploring tropical rainforests, the Missouri Botanical Garden is a living museum of plant life that offers both education and inspiration. Special events and exhibits make it a family-friendly destination, with something for everyone to enjoy.",,,https://www.missouribotanicalgarden.org/,parks & nature
The Foundry,https://stl.parium.org/_next/image?url=https%3A%2F%2Fjh3ara5st4lltzzi.public.blob.vercel-storage.com%2Fstlparium_assets%2Fbed04eb2f841c247cbb610cb15a132028516134e953717f307a375fd646a2ff8_city-foundry-P9I5uQ6DS3vmIgrYwZqDgjyye32Xkj.jpg&w=3840&q=75,"The St. Louis Foundry is a vibrant mixed-use development that blends modern entertainment, dining, shopping, and workspaces in the heart of the city. Located near the Cortex Innovation District, it offers a dynamic environment with restaurants, breweries, boutique shops, and flexible office spaces. The Foundry is designed to foster community engagement, creativity, and innovation, making it a popular destination for locals and visitors alike.",Midtown,,https://www.cityfoundrystl.com/,food & drink
Science Center,https://stl.parium.org/_next/image?url=https%3A%2F%2Fjh3ara5st4lltzzi.public.blob.vercel-storage.com%2Fstlparium_assets%2F3a4e1877345d75f76d14dcdbce6c82ae5442ff5e34c3a0e9b0b2eb0d5090be08_science-center-qH60d7MFJMWbmIlMeHLtzNoTSRcLKs.jpeg&w=3840&q=75,"The St. Louis Science Center is a dynamic and interactive museum that offers hands-on exhibits and immersive experiences in science, technology, and space exploration. Located in Forest Park, it's one of the few free science centers in the U.S., making it a popular destination for families, students, and curious minds. Visitors can explore topics ranging from dinosaurs to outer space, all while engaging with cutting-edge technology and educational activities.",Forest Park,,https://www.slsc.org,museums
801 Chophouse,https://stl.parium.org/_next/image?url=https%3A%2F%2Fjh3ara5st4lltzzi.public.blob.vercel-storage.com%2Fstlparium_assets%2F70ffdf3906f9f1462c39964bf67f97b4c7b0f6666157f75b97780dad59fd0729_30829872_999160463579234_7895662036363771904_n-Kcg27aHnhwIT0keMU6GuSUtQwbenNi.jpg&w=3840&q=75,"Prime cuts of beef, seafood & a large wine selection offered in an elegant, clubby setting.",,"137 Carondelet Plaza, Clayton, MO 63105",https://801chophouse.com/,food & drink
Louie,https://stl.parium.org/_next/image?url=https%3A%2F%2Fjh3ara5st4lltzzi.public.blob.vercel-storage.com%2Fstlparium_assets%2F1c1fc1c253f85a159121d83c2094462327a162dd3dc49493c760646b1559a7cd_louie-W1REJUfMSK7V3hpjKvJjWYM5da5xvZ.jpg&w=3840&q=75,"A cozy neighborhood spot serving wood-fired pizzas, handmade pasta, and great wine. Enjoy outdoor seating, expertly crafted cocktails, and vegetarian-friendly dishes in a warm, inviting atmosphere.",,"706 De Mun Ave, Clayton, MO 63105",https://www.louiedemun.com/,food & drink
SUSHI KOI,https://stl.parium.org/_next/image?url=https%3A%2F%2Fjh3ara5st4lltzzi.public.blob.vercel-storage.com%2Fstlparium_assets%2F796f330e13d6ce5215c5c073a9fac6b4657f12b8df5813e4aea0e13c1df7e805_sushi-SOzokb8XDhLpShIh6NUzKmVQE5qkH3.jpg&w=3840&q=75,"A modern sushi bar with vibrant decor, serving Japanese small plates, tea, and cocktails. Enjoy outdoor seating, vegetarian options, and a great spot to watch sports.",,"4 N Euclid Ave, St. Louis, MO 63108",https://www.sushikoistl.com/,food & drink
Brasserie by Niche,https://stl.parium.org/_next/image?url=https%3A%2F%2Fjh3ara5st4lltzzi.public.blob.vercel-storage.com%2Fstlparium_assets%2F393cf4ff0c2480caf232601aca0db31621973abc95c211e0b20fc170275b4511_niche-1YbSaDtu1s80adbsSyE8rQXfKBVAQ3.jpg&w=3840&q=75,"A classic French brasserie serving dinner and weekend brunch in an elegant space with a wall of windows overlooking the street. Enjoy outdoor seating, a private dining room, and expertly crafted cocktails.",,"4580 Laclede Ave, St. Louis, MO 63108",https://brasseriebyniche.com/,food & drink
Egg@midtown,https://stl.parium.org/_next/image?url=https%3A%2F%2Fjh3ara5st4lltzzi.public.blob.vercel-storage.com%2Fstlparium_assets%2Fcc563bb889cf0b24160a6e2079b1ef67de49c7df90d9abd1d3d14c164f484c6c_egg-5OxqBMipGYuYVn6laGADOHDJwzaZ0q.jpg&w=3840&q=75,"A vibrant eatery with Tunisian influences, offering a mix of modern and traditional brunch fare. Enjoy outdoor seating, creative cocktails, and vegetarian-friendly options in a lively atmosphere.",,"3100 Locust St, St. Louis, MO 63103",https://eggstl.com/,food & drink
Esca,https://stl.parium.org/_next/image?url=https%3A%2F%2Fjh3ara5st4lltzzi.public.blob.vercel-storage.com%2Fstlparium_assets%2Fbb5c349272aad636d08a490c85d6030d24e8d74497c3a52a5f4ae62cfd154bbb_esca-rcUv8hwJ6TY6vSIeTMiqvayVgwivES.jpg&w=3840&q=75,"A cozy spot serving rustic Mediterranean dishes, expertly cooked over charcoal or wood. Enjoy great cocktails, happy hour bites, and plenty of vegetarian options in a warm, inviting setting.",,"5095 Delmar Blvd, St. Louis, MO 63108",https://bengelina.com/,food & drink
Peacemaker Lobster & Crab,https://stl.parium.org/_next/image?url=https%3A%2F%2Fjh3ara5st4lltzzi.public.blob.vercel-storage.com%2Fstlparium_assets%2F18c22abedc30d97d77e8f3421667c3a597e39410dae0c99f877c526bb2287af4_peacemaker-AfpW53nncz1aoNMNQtLO8AQvLbF8SE.jpg&w=3840&q=75,"A rustic eatery with retro accents and vintage fishermen photos, serving fresh lobster, po' boys, shrimp, and a raw bar. Enjoy outdoor seating, great cocktails, and a family-friendly atmosphere with high chairs available.",,"1831 Sidney St, St. Louis, MO 63104",https://www.peacemakerlobstercrab.com/st-louis/,food & drink
Basso,https://stl.parium.org/_next/image?url=https%3A%2F%2Fjh3ara5st4lltzzi.public.blob.vercel-storage.com%2Fstlparium_assets%2F3e22af1b6002f4055504e4483ba0c1bdd2aa789258ba5083f0d9ba29bbe2126b_basso-I1GRUM6lKEL5NMadpGb2IDFDD8e6bb.jpg&w=3840&q=75,"A stylish underground American-Italian restaurant specializing in wood-fired pizzas, house-made pastas, and a curated selection of wines and beers. Enjoy cozy vibes with a fireplace, great cocktails, and delicious happy hour bites.",,"7036 Clayton Ave, St. Louis, MO 63117",https://www.basso-stl.com/,food & drink
Blood & Sand,https://stl.parium.org/_next/image?url=https%3A%2F%2Fjh3ara5st4lltzzi.public.blob.vercel-storage.com%2Fstlparium_assets%2F5837ccc7d3ae54bd24dd436c52eb7fed5bf2a9951dbadf706374a5806e4f734f_bloodandsaintlouis-54viw7PEvANr0PYf3w7zY83e9V0QwL.jpg&w=3840&q=75,"An upscale, members-only parlor serving craft cocktails and inventive New American cuisine in an elegant setting. Reservations are required, and the menu includes vegetarian-friendly options alongside expertly crafted drinks.",,"1500 St Charles St, St. Louis, MO 63103",https://www.bloodandsandstl.com/,food & drink
The Gramophone,https://stl.parium.org/_next/image?url=https%3A%2F%2Fjh3ara5st4lltzzi.public.blob.vercel-storage.com%2Fstlparium_assets%2Fa8d9d18e5c819381a0835d62823c4fbee007347f8640df1b734c89f7d4667e0b_gramophon-aBVU9owbCYvYxVJKfxcG6cUdfErkA5.jpg&w=3840&q=75,"A lively Grove hotspot serving sandwiches and a wide selection of beer from lunchtime to late night. Enjoy outdoor seating, great cocktails, and a vibrant atmosphere with DJs and live music—no reservations needed.",,"4243 Manchester Ave, St. Louis, MO 63110",https://www.gramophonestl.com/,food & drink
Adriana's on the Hill,https://stl.parium.org/_next/image?url=https%3A%2F%2Fjh3ara5st4lltzzi.public.blob.vercel-storage.com%2Fstlparium_assets%2Ff733b394ba55dcdc3789519466713ecd4b5ad1b08d5956dc217c2bdeaaf78a2c_adrianna-YMMKbZ8EKvfLJ7BNaABs06y62MlVis.jpg&w=3840&q=75,"Longtime family-owned cafe offering Sicilian lunch fare in a quaint, counter-service setting.",,"5101 Shaw Ave, St. Louis, MO 63110",https://www.adrianasonthehill.com/,food & drink
Clementine's Naughty & Nice Ice Cream,https://stl.parium.org/_next/image?url=https%3A%2F%2Fjh3ara5st4lltzzi.public.blob.vercel-storage.com%2Fstlparium_assets%2F13f51cd8b3103d334975fe8645df60cdd5a5706988ba4546ecee2ea340b9c699_clementine-g0fcx2pP1pU08me79rcXf1Pla5tt2j.jpg&w=3840&q=75,"A beloved ice cream shop known for its rich, handcrafted flavors, including boozy ""Naughty"" creations and classic ""Nice"" options. Offering a mix of indulgent and innovative flavors, Clementine’s is a must-visit for ice cream lovers seeking a unique, small-batch treat.",,"308 N Euclid Ave, St. Louis, MO 63108",https://www.clementinescreamery.com/pages/central-west-end,food & drink
Cafe Napoli,https://stl.parium.org/_next/image?url=https%3A%2F%2Fjh3ara5st4lltzzi.public.blob.vercel-storage.com%2Fstlparium_assets%2F33073882ab90d3d2ed71426c6ce9205a9b7df9102f3eda5780e0aaba24ddb8cb_cafenapoli-mPIPLRimKAOBpNKVPEvgEtwKY7k1hv.jpg&w=3840&q=75,"Nestled in the heart of Clayton, Cafe Napoli is a lively, upscale Italian restaurant known for its house-made pastas, prime steaks, and fresh seafood. With expertly crafted dishes, fine wines, and handcrafted cocktails, it’s the perfect spot for a memorable dining experience.",,"7754 Forsyth Blvd, Clayton, MO 63105",https://www.napolistl.com/cafe-napoli-menus/,food & drink
Pizzeoli Wood Fired Pizza,https://stl.parium.org/_next/image?url=https%3A%2F%2Fjh3ara5st4lltzzi.public.blob.vercel-storage.com%2Fstlparium_assets%2F13201bbec66ff1771cc6517b0674f943b4172401f3680953d7b88da862c91069_Pizzeoli%2520Wood%2520Fired%2520Pizza-w0i8fpOvgwRzhCtrvyoRNLpzopakqC.jpg&w=3840&q=75,"A laid-back spot specializing in Naples-style pizzas with vegetarian and vegan toppings. Enjoy great cocktails, beer, and wine in a casual setting with family-friendly options, including high chairs.",,"1928 S 12th St, St. Louis, MO 63104",https://www.pizzeoli.com/,food & drink
Salt + Smoke,https://stl.parium.org/_next/image?url=https%3A%2F%2Fjh3ara5st4lltzzi.public.blob.vercel-storage.com%2Fstlparium_assets%2F386fa22d6df06c406626af122eec2b1cb51ca8d8cbbe52db6aceece73cee1ac9_salt%2520and%2520smoke-HIa6cJWpYVC33s5hdq5LGPloPjp5ab.jpg&w=3840&q=75,"Salt + Smoke is a St. Louis BBQ favorite, serving award-winning smoked meats, bold flavors, and generous portions. Dine in, cater, or get BBQ shipped nationwide. Find them at Delmar, Hampton, St. Charles, and Ballpark Village.",,"501 Clark Ave, St. Louis, MO 63102",https://www.saltandsmokebbq.com/menu/,food & drink
Florentin,https://stl.parium.org/_next/image?url=https%3A%2F%2Fjh3ara5st4lltzzi.public.blob.vercel-storage.com%2Fstlparium_assets%2Fae24ec11bc37dce1d5ae25575df0600d41addd89b187fc7d6bf5436146864f72_Florentin-BKmtdh1pm1ukxdC7tse0UgZtmZaJCN.jpg&w=3840&q=75,"Florentin is an Israeli-inspired eatery serving a mostly vegetarian menu inspired by Tel Aviv’s street food scene. From shakshuka and falafel to smoothies and pastries, it’s an all-day spot for coffee, breakfast, and lunch. With sit-down and counter service, Chef Ben Poremba’s latest venture brings the vibrant flavors and Bohemian spirit of Tel Aviv’s Florentin neighborhood to life.",,"5090 Delmar Blvd, St. Louis, MO 63108",https://bengelina.com/florentin,food & drink
Bolyard's Meat & Provisions,https://stl.parium.org/_next/image?url=https%3A%2F%2Fjh3ara5st4lltzzi.public.blob.vercel-storage.com%2Fstlparium_assets%2F53d29fa524aa0769d1caab95381d0f36a9ab7759105264380905de3ebf7d43ce_Bolyard's%2520Meat%2520%26%2520Provisions%2520-CfcglWTQvi7WXYDkcQxtcFU9IlqiKD.jpg&w=3840&q=75,"Whole-animal butcher shop making charcuterie, sausages, and provisions also offers lunch and brunch.",,"2733 Sutton Blvd, Maplewood, MO 63143",https://bolyardsmeat.com/,food & drink
Menya Rui,https://stl.parium.org/_next/image?url=https%3A%2F%2Fjh3ara5st4lltzzi.public.blob.vercel-storage.com%2Fstlparium_assets%2Fb6d4395b2d9c8461aaea59af56e45fea864a30221223b30f6ac6834cbafcdeb7_Menya%2520Rui%2520-z6NWdo6TEP8S49WUNLjbXOdh5N0OHU.jpg&w=3840&q=75,"Menya Rui is a beloved St. Louis ramen shop known for its dedication to authentic Japanese flavors. Serving house-made noodles in rich, aromatic broths, the menu features shoyu ramen, tsukemen, and mazemen, alongside crispy karaage and refreshing drinks. With a casual, no-reservations policy and a fast-moving line, Menya Rui offers an immersive ramen experience that stays true to Japanese tradition. Located in Lindenwood Park, it’s a must-visit for ramen lovers looking for expertly crafted bowls in a cozy, 24-seat space.",,"3453 Hampton Ave, St. Louis, MO 63139",https://www.menyarui.com/,food & drink
SmashEm's Burger Bar,https://stl.parium.org/_next/image?url=https%3A%2F%2Fjh3ara5st4lltzzi.public.blob.vercel-storage.com%2Fstlparium_assets%2F76b78013ae1d009172523c2de3a722a189917283a5f6ab5ff6176621e030e49a_SmashEm's%2520Burger%2520Bar%2520-YSv2jkg07rB5gYBBoOl2dHMFUaTogs.jpg&w=3840&q=75,"SmashEms’ Burger Bar by SC Lounge is a late-night smash burger spot in Tower Grove South, run by former Stella Blues chef Kevin Haskins. Serving up simple yet flavorful double-patty smash burgers on potato buns with grilled onions, the menu also features crispy double-fried wings, sandwiches, and craft cocktails. Located inside SC Lounge, just steps from Amsterdam Tavern, guests can order via QR codes at the soccer pub. Open Wednesday–Sunday from 3 p.m. to 1 a.m., SmashEms’ is set to expand hours, bringing back the old-school late-night diner vibe to St. Louis.",,"3169 Morgan Ford Rd, St. Louis, MO 63116",https://www.instagram.com/smashemsburgerbar/?hl=en,food & drink
Jack Nolen's,https://stl.parium.org/_next/image?url=https%3A%2F%2Fjh3ara5st4lltzzi.public.blob.vercel-storage.com%2Fstlparium_assets%2F4f50b58da3ead9bb18280f9ecb9709291d0eb9e7531d489a60879106ab00d1f3_Jack%2520Nolen's%2520-Ky4h9hNLanTCRkmyCpoc8Nbia2zZQh.jpg&w=3840&q=75,"A laid-back neighborhood tavern with a tin ceiling and a cozy patio, serving up hearty burgers, sandwiches, and classic sides. Enjoy great cocktails in a relaxed setting—no reservations needed.",,"2501 S 9th St, St. Louis, MO 63104",https://jacknolens.com/,food & drink
Al's Restaurant,https://stl.parium.org/_next/image?url=https%3A%2F%2Fjh3ara5st4lltzzi.public.blob.vercel-storage.com%2Fstlparium_assets%2Fc3dbaa46ead3464c7fd3987e3f7fb29b0060bfcc62d5c6262ec51642448678d3_Als-mc9oJ344YQJXhtmxpfbsFlYYE6uOzX.jpg&w=3840&q=75,"A timeless upscale steakhouse serving classic dishes since 1925, known for its expertly prepared steaks, including the iconic Steak Diane. With a private dining room and expertly crafted cocktails, this elegant spot requires reservations for an unforgettable dining experience.",,"1200 N 1st St, St. Louis, MO 63102",https://alsrestaurant.net/,food & drink
Telva at The Ridge,https://stl.parium.org/_next/image?url=https%3A%2F%2Fjh3ara5st4lltzzi.public.blob.vercel-storage.com%2Fstlparium_assets%2F006fe15b752d1efbeecb96f757110ca0e17c7b53501c66422bc998ca5cebc551_Telva%2520at%2520The%2520Ridge%2520-F8B8Dx95tvSEoaRaXlTIPuOpwdKacM.jpg&w=3840&q=75,"Cozy cafe serving wood-fire roasted Balkan-style coffee, plus open-faced sandwiches and sweets.",,"60 N Gore Ave, Webster Groves, MO 63119",https://www.telvastl.com/,food & drink
Olive + Oak,https://stl.parium.org/_next/image?url=https%3A%2F%2Fjh3ara5st4lltzzi.public.blob.vercel-storage.com%2Fstlparium_assets%2F5b200ea6af6abcc0f2acaea1b848aba989393d35215804049e4b864ebe3d73a4_Olive%2520%2B%2520Oak%2520-Tnt2RorY0gDp9b1fvYgOeFSCvMJWBH.jpg&w=3840&q=75,"Olive + Oak is a lively neighborhood restaurant and bar, serving thoughtfully crafted food alongside handpicked wines, craft beers, and well-made cocktails. With a focus on high-quality, locally sourced ingredients and classic cooking techniques, it’s the perfect spot for both casual nights out and special occasions. Warm, welcoming, and detail-driven, Olive + Oak offers an inviting dining experience where great food and drinks bring people together.",,"216 W Lockwood Ave, Webster Groves, MO 63119",https://oliveandoak.oohosp.com/,food & drink
Blackthorn Pub and Pizza,https://stl.parium.org/_next/image?url=https%3A%2F%2Fjh3ara5st4lltzzi.public.blob.vercel-storage.com%2Fstlparium_assets%2F6fff421d530a27fef33e87639bb77d3447d87a0388b601c4ed337534280faae3_Blackthorn%2520Pub%2520and%2520Pizza%2520-8Xx05J51OlrNQx3aVJZvzLFClu0MLF.jpg&w=3840&q=75,"A relaxed spot serving classic and Chicago-style pizzas, along with cocktails and vegetarian options. Enjoy outdoor seating and live music on select nights—no reservations needed.",,"3735 Wyoming St, St. Louis, MO 63116",https://blackthornstl.com/menu/,food & drink
Mac's Local Eats,https://stl.parium.org/_next/image?url=https%3A%2F%2Fjh3ara5st4lltzzi.public.blob.vercel-storage.com%2Fstlparium_assets%2F23fabafc14177fa20ef3746944f9bf8cbb51aa632deb2a6553f92349032c3eb4_Mac's%2520Local%2520Eats%2520-YIwxgJiqql6t941KT7cCsBvgXgsALD.jpg&w=3840&q=75,"A casual burger joint inside Bluewood Brewing Company, serving up delicious burgers made with locally-raised meat. Enjoy great cocktails, vegan options, and outdoor seating in a laid-back brewery setting.",,"5656 Oakland Ave, St. Louis, MO 63110",https://www.macslocaleats.com/,food & drink
Brennan's,https://stl.parium.org/_next/image?url=https%3A%2F%2Fjh3ara5st4lltzzi.public.blob.vercel-storage.com%2Fstlparium_assets%2Fee5a4689e3a77b9b48688c1e1a0f669027a5683ef41fa6130b7264b4099c1a6b_Brennan's-my6Y8qp7hjZU1i3YKC7ivZpsx25PnP.jpg&w=3840&q=75,"Brennan’s has been a Central West End staple since 2003, offering expertly crafted cocktails, fine wine, and craft beer in a welcoming atmosphere. Featuring a main bar, a stylish Green Room lounge, and a members-only cigar lounge with an extensive vinyl collection, it’s a go-to spot for drinks, conversation, and unique experiences. With rooftop dining at Maryland House, bottled cocktails for pickup or delivery, and private event spaces, Brennan’s continues to be a premier destination for St. Louis nightlife.",,"316 N Euclid Ave, St. Louis, MO 63108",https://www.cometobrennans.com/,food & drink
Sasha's,https://stl.parium.org/_next/image?url=https%3A%2F%2Fjh3ara5st4lltzzi.public.blob.vercel-storage.com%2Fstlparium_assets%2F1cf5d632c0d5392c41246649080dc7d1ecbec392bb32423b199011fcaf21ed9e_Sasha's%2520on%2520Shaw%2520-3Fni86SFvBO56dFa1wE4ZfXqlwFtJz.jpg&w=3840&q=75,"A cozy hangout with locations in Shaw and DeMun, serving cheese plates, small bites, and a curated wine list. Enjoy great cocktails, live music, and outdoor seating in a relaxed, inviting atmosphere.",,"706 DEMUN AVENUE  CLAYTON, MO 63105",https://www.sashaswinebar.com/,food & drink
Idol Wolf at 21c St. Louis,https://stl.parium.org/_next/image?url=https%3A%2F%2Fjh3ara5st4lltzzi.public.blob.vercel-storage.com%2Fstlparium_assets%2F194c27375310f61512a0065a82bd71d83327ea752ed0243a2ca2c78da757eced_Idol%2520Wolf%2520at%252021c%2520St.%2520Louis%2520-NNg9AWuW78WlfdmHsPMlD0yZxUKlQz.jpg&w=3840&q=75,"Idol Wolf brings a playful twist to Spanish tapas, blending Iberian traditions with a Midwestern flair for a uniquely cravable dining experience. Located at 1528 Locust Street, this OpenTable Diners’ Choice 2024 restaurant offers a vibrant menu of small plates, creative cocktails, and an extensive wine and spirits selection. With a stylish lounge, billiards, and private dining options, Idol Wolf is perfect for both casual nights out and special occasions. Enjoy dinner, weekend brunch, and a rotating selection of contemporary art from the adjoining 21c Museum Hotel.",,"1528 Locust St, St. Louis, MO 63103",https://idolwolfstl.com/,food & drink
Coma Coffee Roasters,https://stl.parium.org/_next/image?url=https%3A%2F%2Fjh3ara5st4lltzzi.public.blob.vercel-storage.com%2Fstlparium_assets%2Ff8715a93dfe22af89471bb7532cba42897d1a4ca0d2f2f92a345aac3b6e38558_Coma%2520Coffee%2520Roasters%2520-3F2YIUCKulpft6UWbrRGdCfdumaail.jpg&w=3840&q=75,"Bright, busy cafe preparing coffee drinks plus pastries and light fare.",,"1034 S Brentwood Blvd Suite 101, Richmond Heights, MO 63117",https://www.comacoffee.com/,food & drink
Omen Coffee Company,https://stl.parium.org/_next/image?url=https%3A%2F%2Fjh3ara5st4lltzzi.public.blob.vercel-storage.com%2Fstlparium_assets%2Fdf2231769ac774c5e739d43ca09949a93369ec96dcc3fdef8153bcdccd0ce852_Omen%2520Coffee%2520Company%2520-czCxsTjD4ev1rNFh1gaX7FPp2qHXtK.jpg&w=3840&q=75,"Trendy coffee shop with a curated menu of coffees, teas, and pastries, plus Sunday yoga classes.",,"2647 Washington Ave, St. Louis, MO 63103",https://omencoffeeco.com/,food & drink
Northwest Coffee Roasting,https://stl.parium.org/_next/image?url=https%3A%2F%2Fjh3ara5st4lltzzi.public.blob.vercel-storage.com%2Fstlparium_assets%2Fae7a05713295ef4dc3f23430046318bb73a3f3f2169c9d6d6cfeba30936fe126_Northwest%2520Coffee%2520Roasting%2520-Afwi38RUfqvnvMu2nJH0sUFMgB4ysz.jpg&w=3840&q=75,"Hip coffeehouse with an antique roaster & a patio offering beans, coffee drinks & pastries.",,"4251 Laclede Ave, St. Louis, MO 63108",https://www.northwestcoffee.com/,food & drink
Pop's Blue Moon,https://stl.parium.org/_next/image?url=https%3A%2F%2Fjh3ara5st4lltzzi.public.blob.vercel-storage.com%2Fstlparium_assets%2Fa1498689ce40e353f096cae4b520546221a49d03711e8a630318d4800707dfba_Pop's%2520Blue%2520Moon%2520-WeSGNSh1byKvrgzedwno74HrghtkvY.jpg&w=3840&q=75,"Homey, eclectic space for drinks, live music nightly & regular open-mike nights.",,"5249 Pattison Ave, St. Louis, MO 63110",https://popsbluemoon.com/,food & drink
Shaw's Coffee,https://stl.parium.org/_next/image?url=https%3A%2F%2Fjh3ara5st4lltzzi.public.blob.vercel-storage.com%2Fstlparium_assets%2F0754f7f355b3e9bb9f994c0b8625d696bc008a9b7bda3e3f0cace91401007fd8_shawcoffee-SOjPbLCPRsw25JDhCCkbmsENoHOI80.jpg&w=3840&q=75,"Airy, window-lined coffeehouse offering coffee drinks, baked goods & a few light lunch items.",,"5147 Shaw Ave #3039, St. Louis, MO 63110",https://shawscoffee.com/,food & drink
East • West,https://stl.parium.org/_next/image?url=https%3A%2F%2Fjh3ara5st4lltzzi.public.blob.vercel-storage.com%2Fstlparium_assets%2Fa5b1f3bb2d7c664aae9e48f7d72fa8b4011f6aea7f0b8adc51bea8ee626235d0_eastwest-uZwmZP9UoiB9lmYLR9vLZ4EWP1Mgmx.jpg&w=3840&q=75,"Charming store for contemporary men's casualwear, including brand-name jeans, shirts & jackets.",,"387 N Euclid Ave, St. Louis, MO 63108",https://www.eastandwest.store/,buildings & monuments
Arch Apparel,https://stl.parium.org/_next/image?url=https%3A%2F%2Fjh3ara5st4lltzzi.public.blob.vercel-storage.com%2Fstlparium_assets%2Fdb23b3d779b92f3d8b365ce950983419090e87d1b4aaf35847627d12ef1f7da2_Arch%2520Apparel-EkA3ofwwXhrSOtE1XYXMSI34jW2Rex.png&w=3840&q=75,"St. Louis inspired streetwear. T-shirts, hoodies, sweatshirts, kids, baby, toddler, accessories, and home goods inspired by the Lou.",,"771 Clark Ave, St. Louis, MO 63102",https://archapparel.com/,buildings & monuments
The Cheshire,https://stl.parium.org/_next/image?url=https%3A%2F%2Fjh3ara5st4lltzzi.public.blob.vercel-storage.com%2Fstlparium_assets%2F756f2ba6346c7b5a555546aec1fe5d7d6132ce11b9e50a7cf51596bf96cdb1b4_chesire-e4d1zr5gOAiXZLJGwj1Gjggxf6eeEB.jpg&w=3840&q=75,"The Cheshire is a luxury hotel that stirs the imagination and warms the spirit. With an authentic British-inspired aesthetic, we offer a unique, personalized alternative to cookie-cutter branded hotels in St. Louis. Centrally located and close to Washington University and Forest Park, our hotel is the ideal business and social hub for travelers seeking something different.",,"6300 Clayton Rd, Richmond Heights, MO 63117",https://www.cheshirestl.com/,buildings & monuments
801 Fish,https://stl.parium.org/_next/image?url=https%3A%2F%2Fjh3ara5st4lltzzi.public.blob.vercel-storage.com%2Fstlparium_assets%2F76c3f0bf5028804bbb466498c9e6c25640ad3ce0c3d31be718470c7e82a7b26c_801fish-EfowOSB2CMCmICXxuFQpy3QVYfYIE4.jpg&w=3840&q=75,"Upscale restaurant & bar serving seafood & steak in a chic, contemporary atmosphere.",,"172 Carondelet Plaza, Clayton, MO 63105",https://www.801fish.com/,food & drink
Taco Buddha,https://stl.parium.org/_next/image?url=https%3A%2F%2Fjh3ara5st4lltzzi.public.blob.vercel-storage.com%2Fstlparium_assets%2Fdf9bdb6a2e2e5ff9c8c6b2318126aae79f369536ca6c6dc0c4700d9ff1a05cc3_tacobuddha-17Bp4AazqbVQs9T2DvtViwfCcdfn8Z.jpg&w=3840&q=75,Best Tacos and Margaritas in St. Louis. Counter serve producing unexpected taco fillings inspired by cuisines from around the world.,,"7405 Pershing Ave, University City, MO 63130",https://tacobuddha.com/,food & drink
Three Sixty Rooftop Bar,https://stl.parium.org/_next/image?url=https%3A%2F%2Fjh3ara5st4lltzzi.public.blob.vercel-storage.com%2Fstlparium_assets%2Fe16d8698f5cad7715f4202c1e29c8e468dd37a58e60b1d7785a5b6f77597f53a_360-7oypSuLoJhpMiFqrZQeM81kk4kycaa.jpeg&w=3840&q=75,"Swanky indoor/outdoor rooftop bar & eatery with 360-degree views, including into Busch Stadium.",,"1 S Broadway, St. Louis, MO 63102",https://www.360-stl.com/downtown/,food & drink
UpBar,https://stl.parium.org/_next/image?url=https%3A%2F%2Fjh3ara5st4lltzzi.public.blob.vercel-storage.com%2Fstlparium_assets%2Fdaddce0379ba289522bf381af235a90c678a40f5458676a4b8ea3a70db7e37f4_upbar-Bcp12rKUj8tIerB6BAU7hdncBGLgfw.webp&w=3840&q=75,"Drinks and eats such as tacos, nachos, and signature cocktails offered in a casual space with a patio and city views.",,"3763 Forest Park Ave, St. Louis, MO 63108",https://www.upbarstl.com/,food & drink
HighBar,https://stl.parium.org/_next/image?url=https%3A%2F%2Fjh3ara5st4lltzzi.public.blob.vercel-storage.com%2Fstlparium_assets%2F2c99285afaf110f7efaa5e319319ab747f754b18fd676fbbabf6580198768aa2_HighBar-l54OSrk1b2FwMmBVpJjiT0B6thXfau.webp&w=3840&q=75,"Experience industrial-chic vibes at High Bar Clayton MO, atop the AC Hotel St. Louis. Savor American-style tapas while enjoying breathtaking skyline views.",,"227 S Central Ave 11th Floor, Clayton, MO 63105",https://www.highbarclayton.com/,food & drink
Fox and Hounds,https://stl.parium.org/_next/image?url=https%3A%2F%2Fjh3ara5st4lltzzi.public.blob.vercel-storage.com%2Fstlparium_assets%2Fd52afd23e15b6f5f81f781f99fef73f9937948ba5d10bbb11ef01c0efec2cd0f_fox-vkPiVJCGM2eB89yRRq2FPPYt5miliT.webp&w=3840&q=75,This cozy pub is a re-creation of a gathering room in an English home where the host might entertain his guests before and after a vigorous hunt. Pull up a stool at the bar or relax in a plush chair by the big stone fireplace and choose a favorite from our extensive drink list.,,6300 Clayton Road 63117 Saint Louis United States,https://www.cheshirestl.com/dining/fox-and-hounds,food & drink
Flight Club St. Louis,https://stl.parium.org/_next/image?url=https%3A%2F%2Fjh3ara5st4lltzzi.public.blob.vercel-storage.com%2Fstlparium_assets%2F1751ec73ad3cb3313915e24c4382ee11ea4dc0d6c8d3062b362d81d5150fccbf_delete-lVjFs7YNXsxy3rypP7B6wzs3dhnJpS.jpg&w=3840&q=75,"Located in the Clayton Business District and close to Forest Park, Flight Club is an upscale entertainment concept combining elevated food and beverage menus with dynamic tech-enabled Social Darts",,"7710 Forsyth Blvd, Clayton, MO 63105",https://flightclubdartsusa.com/st-louis/st-louis,food & drink
Up-Down STL,https://stl.parium.org/_next/image?url=https%3A%2F%2Fjh3ara5st4lltzzi.public.blob.vercel-storage.com%2Fstlparium_assets%2F4a8f207aaf5bde0424654b670efa562f0093befc22bc9c67d2151556a1114e06_updown-05dHrhen8Kk9BlIb0gtb7rRubT89ZM.jpeg&w=3840&q=75,"Up-Down St. Louis features more than 60 arcade games from the ‘80s and ‘90s, pinball machines, four classic skee-ball alleys, Nintendo 64 console gaming, life-size Jenga and Connect Four.",,"405 N Euclid Ave, St. Louis, MO 63108",https://updownarcadebar.com/st-louis/,food & drink
The Cathedral Basilica of St. Louis,https://stl.parium.org/_next/image?url=https%3A%2F%2Fjh3ara5st4lltzzi.public.blob.vercel-storage.com%2Fstlparium_assets%2Fd879756c348afec0bd5e7b4cdb3aae74a0c6859e597a65c5e1d9c3bddf80ab14_cathedral-b40jDPEURWo46f6ANdg6JL5LikImwN.webp&w=3840&q=75,"The Cathedral Basilica of Saint Louis, also known as the Saint Louis Cathedral or the New Cathedral,[3][4] is a Catholic cathedral in the Central West End neighborhood of St. Louis, Missouri. Completed in 1914, it is the mother church of the Archdiocese of St. Louis and the seat of Archbishop Mitchell T. Rozanski. The cathedral is named for Saint Louis and was designated a basilica by Pope John Paul II in 1997.[5]",,"4431 Lindell Blvd, St. Louis, MO 63108",https://cathedralstl.org/,buildings & monuments
